sentenceId,raw_text,aspectTerms,aspectCategories
1,"The air conditioning is poorly maintained, making the facilities experience frustrating.","[{'term': 'air conditioning', 'polarity': 'negative'}]","[{'category': 'facilities', 'polarity': 'negative'}]"
2,"The equipment hygiene is poorly maintained, making the cleanliness experience frustrating.","[{'term': 'equipment hygiene', 'polarity': 'negative'}]","[{'category': 'cleanliness', 'polarity': 'negative'}]"
3,"The air conditioning is okay, neither too good nor too bad in terms of facilities.","[{'term': 'air conditioning', 'polarity': 'neutral'}]","[{'category': 'facilities', 'polarity': 'neutral'}]"
4,"The air conditioning is poorly maintained, making the facilities experience frustrating.","[{'term': 'air conditioning', 'polarity': 'negative'}]","[{'category': 'facilities', 'polarity': 'negative'}]"
5,"The gym floor is poorly maintained, making the cleanliness experience frustrating.","[{'term': 'gym floor', 'polarity': 'negative'}]","[{'category': 'cleanliness', 'polarity': 'negative'}]"
6,"The treadmills at this gym is excellent, providing great equipment for everyone.","[{'term': 'treadmills', 'polarity': 'positive'}]","[{'category': 'equipment', 'polarity': 'positive'}]"
7,"The background music at this gym is excellent, providing great environment for everyone.","[{'term': 'background music', 'polarity': 'positive'}]","[{'category': 'environment', 'polarity': 'positive'}]"
8,"The membership cost is poorly maintained, making the pricing experience frustrating.","[{'term': 'membership cost', 'polarity': 'negative'}]","[{'category': 'pricing', 'polarity': 'negative'}]"
9,"The locker rooms at this gym is excellent, providing great facilities for everyone.","[{'term': 'locker rooms', 'polarity': 'positive'}]","[{'category': 'facilities', 'polarity': 'positive'}]"
10,"The gym floor is poorly maintained, making the cleanliness experience frustrating.","[{'term': 'gym floor', 'polarity': 'negative'}]","[{'category': 'cleanliness', 'polarity': 'negative'}]"
11,"The equipment hygiene is okay, neither too good nor too bad in terms of cleanliness.","[{'term': 'equipment hygiene', 'polarity': 'neutral'}]","[{'category': 'cleanliness', 'polarity': 'neutral'}]"
12,"The machines is poorly maintained, making the equipment experience frustrating.","[{'term': 'machines', 'polarity': 'negative'}]","[{'category': 'equipment', 'polarity': 'negative'}]"
13,"The crowdedness is poorly maintained, making the availability experience frustrating.","[{'term': 'crowdedness', 'polarity': 'negative'}]","[{'category': 'availability', 'polarity': 'negative'}]"
14,"The staff at this gym is excellent, providing great service for everyone.","[{'term': 'staff', 'polarity': 'positive'}]","[{'category': 'service', 'polarity': 'positive'}]"
15,"The background music is okay, neither too good nor too bad in terms of environment.","[{'term': 'background music', 'polarity': 'neutral'}]","[{'category': 'environment', 'polarity': 'neutral'}]"
16,"The showers is okay, neither too good nor too bad in terms of facilities.","[{'term': 'showers', 'polarity': 'neutral'}]","[{'category': 'facilities', 'polarity': 'neutral'}]"
17,"The background music at this gym is excellent, providing great environment for everyone.","[{'term': 'background music', 'polarity': 'positive'}]","[{'category': 'environment', 'polarity': 'positive'}]"
18,"The dumbbells is okay, neither too good nor too bad in terms of equipment.","[{'term': 'dumbbells', 'polarity': 'neutral'}]","[{'category': 'equipment', 'polarity': 'neutral'}]"
19,"The gym floor is poorly maintained, making the cleanliness experience frustrating.","[{'term': 'gym floor', 'polarity': 'negative'}]","[{'category': 'cleanliness', 'polarity': 'negative'}]"
20,"The locker rooms is poorly maintained, making the facilities experience frustrating.","[{'term': 'locker rooms', 'polarity': 'negative'}]","[{'category': 'facilities', 'polarity': 'negative'}]"
21,"The personal trainers at this gym is excellent, providing great service for everyone.","[{'term': 'personal trainers', 'polarity': 'positive'}]","[{'category': 'service', 'polarity': 'positive'}]"
22,"The sanitation at this gym is excellent, providing great safety for everyone.","[{'term': 'sanitation', 'polarity': 'positive'}]","[{'category': 'safety', 'polarity': 'positive'}]"
23,"The security at this gym is excellent, providing great safety for everyone.","[{'term': 'security', 'polarity': 'positive'}]","[{'category': 'safety', 'polarity': 'positive'}]"
24,"The machine availability at this gym is excellent, providing great availability for everyone.","[{'term': 'machine availability', 'polarity': 'positive'}]","[{'category': 'availability', 'polarity': 'positive'}]"
25,"The security at this gym is excellent, providing great safety for everyone.","[{'term': 'security', 'polarity': 'positive'}]","[{'category': 'safety', 'polarity': 'positive'}]"
26,"The gym atmosphere at this gym is excellent, providing great environment for everyone.","[{'term': 'gym atmosphere', 'polarity': 'positive'}]","[{'category': 'environment', 'polarity': 'positive'}]"
27,"The gym atmosphere is poorly maintained, making the environment experience frustrating.","[{'term': 'gym atmosphere', 'polarity': 'negative'}]","[{'category': 'environment', 'polarity': 'negative'}]"
28,"The crowdedness is poorly maintained, making the availability experience frustrating.","[{'term': 'crowdedness', 'polarity': 'negative'}]","[{'category': 'availability', 'polarity': 'negative'}]"
29,"The gym atmosphere is okay, neither too good nor too bad in terms of environment.","[{'term': 'gym atmosphere', 'polarity': 'neutral'}]","[{'category': 'environment', 'polarity': 'neutral'}]"
30,"The hidden fees at this gym is excellent, providing great pricing for everyone.","[{'term': 'hidden fees', 'polarity': 'positive'}]","[{'category': 'pricing', 'polarity': 'positive'}]"
31,"The crowdedness at this gym is excellent, providing great availability for everyone.","[{'term': 'crowdedness', 'polarity': 'positive'}]","[{'category': 'availability', 'polarity': 'positive'}]"
32,"The equipment hygiene is poorly maintained, making the cleanliness experience frustrating.","[{'term': 'equipment hygiene', 'polarity': 'negative'}]","[{'category': 'cleanliness', 'polarity': 'negative'}]"
33,"The personal trainers is okay, neither too good nor too bad in terms of service.","[{'term': 'personal trainers', 'polarity': 'neutral'}]","[{'category': 'service', 'polarity': 'neutral'}]"
34,"The lighting is poorly maintained, making the environment experience frustrating.","[{'term': 'lighting', 'polarity': 'negative'}]","[{'category': 'environment', 'polarity': 'negative'}]"
35,"The benches at this gym is excellent, providing great equipment for everyone.","[{'term': 'benches', 'polarity': 'positive'}]","[{'category': 'equipment', 'polarity': 'positive'}]"
36,"The trainers is poorly maintained, making the service experience frustrating.","[{'term': 'trainers', 'polarity': 'negative'}]","[{'category': 'service', 'polarity': 'negative'}]"
37,"The air conditioning at this gym is excellent, providing great facilities for everyone.","[{'term': 'air conditioning', 'polarity': 'positive'}]","[{'category': 'facilities', 'polarity': 'positive'}]"
38,"The staff at this gym is excellent, providing great service for everyone.","[{'term': 'staff', 'polarity': 'positive'}]","[{'category': 'service', 'polarity': 'positive'}]"
39,"The membership cost is okay, neither too good nor too bad in terms of pricing.","[{'term': 'membership cost', 'polarity': 'neutral'}]","[{'category': 'pricing', 'polarity': 'neutral'}]"
40,"The locker rooms is okay, neither too good nor too bad in terms of facilities.","[{'term': 'locker rooms', 'polarity': 'neutral'}]","[{'category': 'facilities', 'polarity': 'neutral'}]"
41,"The weights at this gym is excellent, providing great equipment for everyone.","[{'term': 'weights', 'polarity': 'positive'}]","[{'category': 'equipment', 'polarity': 'positive'}]"
42,"The parking at this gym is excellent, providing great facilities for everyone.","[{'term': 'parking', 'polarity': 'positive'}]","[{'category': 'facilities', 'polarity': 'positive'}]"
43,"The gym atmosphere is poorly maintained, making the environment experience frustrating.","[{'term': 'gym atmosphere', 'polarity': 'negative'}]","[{'category': 'environment', 'polarity': 'negative'}]"
44,"The treadmills is poorly maintained, making the equipment experience frustrating.","[{'term': 'treadmills', 'polarity': 'negative'}]","[{'category': 'equipment', 'polarity': 'negative'}]"
45,"The sanitation is poorly maintained, making the safety experience frustrating.","[{'term': 'sanitation', 'polarity': 'negative'}]","[{'category': 'safety', 'polarity': 'negative'}]"
46,"The locker rooms is okay, neither too good nor too bad in terms of facilities.","[{'term': 'locker rooms', 'polarity': 'neutral'}]","[{'category': 'facilities', 'polarity': 'neutral'}]"
47,"The staff is okay, neither too good nor too bad in terms of service.","[{'term': 'staff', 'polarity': 'neutral'}]","[{'category': 'service', 'polarity': 'neutral'}]"
48,"The lighting is poorly maintained, making the environment experience frustrating.","[{'term': 'lighting', 'polarity': 'negative'}]","[{'category': 'environment', 'polarity': 'negative'}]"
49,"The gym atmosphere is okay, neither too good nor too bad in terms of environment.","[{'term': 'gym atmosphere', 'polarity': 'neutral'}]","[{'category': 'environment', 'polarity': 'neutral'}]"
50,"The injury prevention at this gym is excellent, providing great safety for everyone.","[{'term': 'injury prevention', 'polarity': 'positive'}]","[{'category': 'safety', 'polarity': 'positive'}]"
51,"The membership is poorly maintained, making the service experience frustrating.","[{'term': 'membership', 'polarity': 'negative'}]","[{'category': 'service', 'polarity': 'negative'}]"
52,"The air conditioning at this gym is excellent, providing great facilities for everyone.","[{'term': 'air conditioning', 'polarity': 'positive'}]","[{'category': 'facilities', 'polarity': 'positive'}]"
53,"The contract flexibility at this gym is excellent, providing great pricing for everyone.","[{'term': 'contract flexibility', 'polarity': 'positive'}]","[{'category': 'pricing', 'polarity': 'positive'}]"
54,"The injury prevention at this gym is excellent, providing great safety for everyone.","[{'term': 'injury prevention', 'polarity': 'positive'}]","[{'category': 'safety', 'polarity': 'positive'}]"
55,"The machine availability is poorly maintained, making the availability experience frustrating.","[{'term': 'machine availability', 'polarity': 'negative'}]","[{'category': 'availability', 'polarity': 'negative'}]"
56,"The class slots is poorly maintained, making the availability experience frustrating.","[{'term': 'class slots', 'polarity': 'negative'}]","[{'category': 'availability', 'polarity': 'negative'}]"
57,"The gym atmosphere is okay, neither too good nor too bad in terms of environment.","[{'term': 'gym atmosphere', 'polarity': 'neutral'}]","[{'category': 'environment', 'polarity': 'neutral'}]"
58,"The changing rooms is okay, neither too good nor too bad in terms of cleanliness.","[{'term': 'changing rooms', 'polarity': 'neutral'}]","[{'category': 'cleanliness', 'polarity': 'neutral'}]"
59,"The restrooms at this gym is excellent, providing great facilities for everyone.","[{'term': 'restrooms', 'polarity': 'positive'}]","[{'category': 'facilities', 'polarity': 'positive'}]"
60,"The lighting at this gym is excellent, providing great environment for everyone.","[{'term': 'lighting', 'polarity': 'positive'}]","[{'category': 'environment', 'polarity': 'positive'}]"
61,"The locker rooms at this gym is excellent, providing great facilities for everyone.","[{'term': 'locker rooms', 'polarity': 'positive'}]","[{'category': 'facilities', 'polarity': 'positive'}]"
62,"The injury prevention is okay, neither too good nor too bad in terms of safety.","[{'term': 'injury prevention', 'polarity': 'neutral'}]","[{'category': 'safety', 'polarity': 'neutral'}]"
63,"The benches is poorly maintained, making the equipment experience frustrating.","[{'term': 'benches', 'polarity': 'negative'}]","[{'category': 'equipment', 'polarity': 'negative'}]"
64,"The background music at this gym is excellent, providing great environment for everyone.","[{'term': 'background music', 'polarity': 'positive'}]","[{'category': 'environment', 'polarity': 'positive'}]"
65,"The hidden fees is poorly maintained, making the pricing experience frustrating.","[{'term': 'hidden fees', 'polarity': 'negative'}]","[{'category': 'pricing', 'polarity': 'negative'}]"
66,"The equipment hygiene is poorly maintained, making the cleanliness experience frustrating.","[{'term': 'equipment hygiene', 'polarity': 'negative'}]","[{'category': 'cleanliness', 'polarity': 'negative'}]"
67,"The air conditioning is okay, neither too good nor too bad in terms of facilities.","[{'term': 'air conditioning', 'polarity': 'neutral'}]","[{'category': 'facilities', 'polarity': 'neutral'}]"
68,"The dumbbells is okay, neither too good nor too bad in terms of equipment.","[{'term': 'dumbbells', 'polarity': 'neutral'}]","[{'category': 'equipment', 'polarity': 'neutral'}]"
69,"The membership is poorly maintained, making the service experience frustrating.","[{'term': 'membership', 'polarity': 'negative'}]","[{'category': 'service', 'polarity': 'negative'}]"
70,"The sanitation is poorly maintained, making the safety experience frustrating.","[{'term': 'sanitation', 'polarity': 'negative'}]","[{'category': 'safety', 'polarity': 'negative'}]"
71,"The security is poorly maintained, making the safety experience frustrating.","[{'term': 'security', 'polarity': 'negative'}]","[{'category': 'safety', 'polarity': 'negative'}]"
72,"The lighting is poorly maintained, making the environment experience frustrating.","[{'term': 'lighting', 'polarity': 'negative'}]","[{'category': 'environment', 'polarity': 'negative'}]"
73,"The sanitation is poorly maintained, making the safety experience frustrating.","[{'term': 'sanitation', 'polarity': 'negative'}]","[{'category': 'safety', 'polarity': 'negative'}]"
74,"The dumbbells is poorly maintained, making the equipment experience frustrating.","[{'term': 'dumbbells', 'polarity': 'negative'}]","[{'category': 'equipment', 'polarity': 'negative'}]"
75,"The restrooms at this gym is excellent, providing great facilities for everyone.","[{'term': 'restrooms', 'polarity': 'positive'}]","[{'category': 'facilities', 'polarity': 'positive'}]"
76,"The trainers is okay, neither too good nor too bad in terms of service.","[{'term': 'trainers', 'polarity': 'neutral'}]","[{'category': 'service', 'polarity': 'neutral'}]"
77,"The machine availability is okay, neither too good nor too bad in terms of availability.","[{'term': 'machine availability', 'polarity': 'neutral'}]","[{'category': 'availability', 'polarity': 'neutral'}]"
78,"The weights is poorly maintained, making the equipment experience frustrating.","[{'term': 'weights', 'polarity': 'negative'}]","[{'category': 'equipment', 'polarity': 'negative'}]"
79,"The class slots is okay, neither too good nor too bad in terms of availability.","[{'term': 'class slots', 'polarity': 'neutral'}]","[{'category': 'availability', 'polarity': 'neutral'}]"
80,"The equipment hygiene at this gym is excellent, providing great cleanliness for everyone.","[{'term': 'equipment hygiene', 'polarity': 'positive'}]","[{'category': 'cleanliness', 'polarity': 'positive'}]"
81,"The contract flexibility at this gym is excellent, providing great pricing for everyone.","[{'term': 'contract flexibility', 'polarity': 'positive'}]","[{'category': 'pricing', 'polarity': 'positive'}]"
82,"The machine availability is poorly maintained, making the availability experience frustrating.","[{'term': 'machine availability', 'polarity': 'negative'}]","[{'category': 'availability', 'polarity': 'negative'}]"
83,"The membership cost is poorly maintained, making the pricing experience frustrating.","[{'term': 'membership cost', 'polarity': 'negative'}]","[{'category': 'pricing', 'polarity': 'negative'}]"
84,"The showers at this gym is excellent, providing great facilities for everyone.","[{'term': 'showers', 'polarity': 'positive'}]","[{'category': 'facilities', 'polarity': 'positive'}]"
85,"The contract flexibility at this gym is excellent, providing great pricing for everyone.","[{'term': 'contract flexibility', 'polarity': 'positive'}]","[{'category': 'pricing', 'polarity': 'positive'}]"
86,"The gym floor at this gym is excellent, providing great cleanliness for everyone.","[{'term': 'gym floor', 'polarity': 'positive'}]","[{'category': 'cleanliness', 'polarity': 'positive'}]"
87,"The sanitation is poorly maintained, making the safety experience frustrating.","[{'term': 'sanitation', 'polarity': 'negative'}]","[{'category': 'safety', 'polarity': 'negative'}]"
88,"The locker rooms at this gym is excellent, providing great facilities for everyone.","[{'term': 'locker rooms', 'polarity': 'positive'}]","[{'category': 'facilities', 'polarity': 'positive'}]"
89,"The gym floor is poorly maintained, making the cleanliness experience frustrating.","[{'term': 'gym floor', 'polarity': 'negative'}]","[{'category': 'cleanliness', 'polarity': 'negative'}]"
90,"The injury prevention is poorly maintained, making the safety experience frustrating.","[{'term': 'injury prevention', 'polarity': 'negative'}]","[{'category': 'safety', 'polarity': 'negative'}]"
91,"The membership is okay, neither too good nor too bad in terms of service.","[{'term': 'membership', 'polarity': 'neutral'}]","[{'category': 'service', 'polarity': 'neutral'}]"
92,"The security is poorly maintained, making the safety experience frustrating.","[{'term': 'security', 'polarity': 'negative'}]","[{'category': 'safety', 'polarity': 'negative'}]"
93,"The membership is poorly maintained, making the service experience frustrating.","[{'term': 'membership', 'polarity': 'negative'}]","[{'category': 'service', 'polarity': 'negative'}]"
94,"The staff at this gym is excellent, providing great service for everyone.","[{'term': 'staff', 'polarity': 'positive'}]","[{'category': 'service', 'polarity': 'positive'}]"
95,"The weights at this gym is excellent, providing great equipment for everyone.","[{'term': 'weights', 'polarity': 'positive'}]","[{'category': 'equipment', 'polarity': 'positive'}]"
96,"The hidden fees at this gym is excellent, providing great pricing for everyone.","[{'term': 'hidden fees', 'polarity': 'positive'}]","[{'category': 'pricing', 'polarity': 'positive'}]"
97,"The restrooms is okay, neither too good nor too bad in terms of facilities.","[{'term': 'restrooms', 'polarity': 'neutral'}]","[{'category': 'facilities', 'polarity': 'neutral'}]"
98,"The sanitation is poorly maintained, making the safety experience frustrating.","[{'term': 'sanitation', 'polarity': 'negative'}]","[{'category': 'safety', 'polarity': 'negative'}]"
99,"The injury prevention at this gym is excellent, providing great safety for everyone.","[{'term': 'injury prevention', 'polarity': 'positive'}]","[{'category': 'safety', 'polarity': 'positive'}]"
100,"The equipment hygiene is poorly maintained, making the cleanliness experience frustrating.","[{'term': 'equipment hygiene', 'polarity': 'negative'}]","[{'category': 'cleanliness', 'polarity': 'negative'}]"
101,"The treadmills are smooth, but the ellipticals make a strange noise, which is distracting.","[{'term': 'treadmills', 'polarity': 'positive'}, {'term': 'ellipticals', 'polarity': 'negative'}]","[{'category': 'equipment', 'polarity': 'mixed'}]"
102,"The gym is well-lit, but the mirrors are often dirty, making it hard to check form.","[{'term': 'lighting', 'polarity': 'positive'}, {'term': 'mirrors', 'polarity': 'negative'}]","[{'category': 'environment', 'polarity': 'mixed'}, {'category': 'cleanliness', 'polarity': 'negative'}]"
103,"The trainers are friendly and skilled, but the front desk staff often seems unhelpful.","[{'term': 'trainers', 'polarity': 'positive'}, {'term': 'front desk staff', 'polarity': 'negative'}]","[{'category': 'service', 'polarity': 'mixed'}]"
104,"The gym has excellent workout classes, but the sign-up process is confusing and inconvenient.","[{'term': 'workout classes', 'polarity': 'positive'}, {'term': 'sign-up process', 'polarity': 'negative'}]","[{'category': 'service', 'polarity': 'mixed'}]"
105,"The dumbbells are well-maintained, but there are not enough of them during peak hours.","[{'term': 'dumbbells', 'polarity': 'positive'}, {'term': 'availability', 'polarity': 'negative'}]","[{'category': 'equipment', 'polarity': 'mixed'}, {'category': 'availability', 'polarity': 'negative'}]"
106,"The showers are spacious, but the water pressure is too low and takes forever to rinse off.","[{'term': 'showers', 'polarity': 'positive'}, {'term': 'water pressure', 'polarity': 'negative'}]","[{'category': 'facilities', 'polarity': 'mixed'}]"
107,The air conditioning works well in the weightlifting area but is almost nonexistent near the cardio machines.,"[{'term': 'air conditioning', 'polarity': 'mixed'}, {'term': 'cardio machines', 'polarity': 'negative'}]","[{'category': 'facilities', 'polarity': 'mixed'}]"
108,"The gym has a great selection of machines, but they are placed too close together, making movement difficult.","[{'term': 'machine selection', 'polarity': 'positive'}, {'term': 'spacing', 'polarity': 'negative'}]","[{'category': 'equipment', 'polarity': 'mixed'}, {'category': 'space', 'polarity': 'negative'}]"
109,"The sauna is a great addition, but it is often overcrowded and not cleaned frequently enough.","[{'term': 'sauna', 'polarity': 'positive'}, {'term': 'cleaning frequency', 'polarity': 'negative'}]","[{'category': 'facilities', 'polarity': 'mixed'}, {'category': 'cleanliness', 'polarity': 'negative'}]"
110,"The gym's WiFi is fast and reliable, but the mobile app crashes too often when booking a class.","[{'term': 'WiFi', 'polarity': 'positive'}, {'term': 'mobile app', 'polarity': 'negative'}]","[{'category': 'technology', 'polarity': 'mixed'}]"
111,"The cryotherapy chamber is a game-changer for muscle recovery, though sessions book up weeks in advance.","[{'term': 'cryotherapy chamber', 'polarity': 'positive'}]","[{'category': 'recovery_facilities', 'polarity': 'positive'}]"
112,Hydraulic resistance machines adapt perfectly to my mobility issues no more joint pain!,"[{'term': 'hydraulic machines', 'polarity': 'positive'}]","[{'category': 'equipment', 'polarity': 'positive'}]"
113,"The gym's app crashes mid-workout, erasing my progress tracking. Infuriating!","[{'term': 'gym app', 'polarity': 'negative'}]","[{'category': 'digital_integration', 'polarity': 'negative'}]"
114,"Solar-powered showers are genius, but water pressure drops during peak hours.","[{'term': 'solar-powered showers', 'polarity': 'positive'}]","[{'category': 'sustainability', 'polarity': 'positive'}]"
115,Members hog benches for 30+ minutes while scrolling Instagramâ€”zero etiquette enforcement.,"[{'term': 'member etiquette', 'polarity': 'negative'}]","[{'category': 'community', 'polarity': 'negative'}]"
116,Biometric scanners at the entrance eliminate check-in linesâ€”sleek and efficient.,"[{'term': 'biometric scanners', 'polarity': 'positive'}]","[{'category': 'technology', 'polarity': 'positive'}]"
117,Overpriced protein bars in the café taste like cardboard. Bring your own snacks.,"[{'term': 'café pricing', 'polarity': 'negative'}]","[{'category': 'pricing', 'polarity': 'negative'}]"
118,Free mobility workshops taught by physiotherapists have transformed my flexibility.,"[{'term': 'mobility workshops', 'polarity': 'positive'}]","[{'category': 'education', 'polarity': 'positive'}]"
119,"VR cycling classes are immersive, but headsets cause motion sickness for some.","[{'term': 'VR classes', 'polarity': 'mixed'}]","[{'category': 'class_offerings', 'polarity': 'mixed'}]"
120,Floor traction near the pool is dangerously slippery accident waiting to happen.,"[{'term': 'floor traction', 'polarity': 'negative'}]","[{'category': 'safety', 'polarity': 'negative'}]"
121,The gym's air quality system uses HEPA filters no more stuffy workouts.,"[{'term': 'air quality system', 'polarity': 'positive'}]","[{'category': 'facilities', 'polarity': 'positive'}]"
122,"Towel service costs extra now, which feels nickel-and-diming.","[{'term': 'towel service', 'polarity': 'negative'}]","[{'category': 'pricing', 'polarity': 'negative'}]"
123,Olympic lifting platforms are pristine and never overcrowded powerlifter approved!,"[{'term': 'Olympic platforms', 'polarity': 'positive'}]","[{'category': 'equipment', 'polarity': 'positive'}]"
124,The percussion massagers in the recovery lounge are worth the membership alone.,"[{'term': 'percussion massagers', 'polarity': 'positive'}]","[{'category': 'recovery_facilities', 'polarity': 'positive'}]"
125,Staff ignore blatant equipment hoarding no accountability here.,"[{'term': 'equipment hoarding', 'polarity': 'negative'}]","[{'category': 'member_etiquette', 'polarity': 'negative'}]"
126,Live DJ weekends create an electric vibe that motivates intense sessions.,"[{'term': 'live DJ', 'polarity': 'positive'}]","[{'category': 'atmosphere', 'polarity': 'positive'}]"
127,Eco-friendly cleaning products leave a fresh scent without chemical harshness.,"[{'term': 'eco-friendly products', 'polarity': 'positive'}]","[{'category': 'sustainability', 'polarity': 'positive'}]"
128,"Kettlebell racks are mislabeled, leading to constant confusion.","[{'term': 'kettlebell racks', 'polarity': 'negative'}]","[{'category': 'equipment', 'polarity': 'negative'}]"
129,The member-exclusive app's wearable sync fails 50% of the time.,"[{'term': 'wearable sync', 'polarity': 'negative'}]","[{'category': 'digital_integration', 'polarity': 'negative'}]"
130,Posture correction clinics with chiropractors are a hidden gem here.,"[{'term': 'posture clinics', 'polarity': 'positive'}]","[{'category': 'education', 'polarity': 'positive'}]"
131,Battle ropes are fraying at the ends needs replacement ASAP.,"[{'term': 'battle ropes', 'polarity': 'negative'}]","[{'category': 'equipment', 'polarity': 'negative'}]"
132,The 24/7 accessibility makes it perfect for night owls like me.,"[{'term': '24/7 accessibility', 'polarity': 'positive'}]","[{'category': 'availability', 'polarity': 'positive'}]"
133,Frequent member challenges foster a supportive community spirit.,"[{'term': 'member challenges', 'polarity': 'positive'}]","[{'category': 'community', 'polarity': 'positive'}]"
134,The gym's Wi-Fi is slower than dial-up can't stream workout videos.,"[{'term': 'Wi-Fi speed', 'polarity': 'negative'}]","[{'category': 'technology', 'polarity': 'negative'}]"
135,Vibration plates are a fun add-on for activating muscles pre-lift.,"[{'term': 'vibration plates', 'polarity': 'positive'}]","[{'category': 'equipment', 'polarity': 'positive'}]"
136,"Childcare services close at 7 PM, excluding evening class parents.","[{'term': 'childcare hours', 'polarity': 'negative'}]","[{'category': 'services', 'polarity': 'negative'}]"
137,Infrared saunas are relaxing but limited to 15-minute slots.,"[{'term': 'infrared saunas', 'polarity': 'mixed'}]","[{'category': 'recovery_facilities', 'polarity': 'mixed'}]"
138,Monthly membership tiers are confusing and overly granular.,"[{'term': 'membership tiers', 'polarity': 'negative'}]","[{'category': 'pricing', 'polarity': 'negative'}]"
139,The gym's Instagram showcases classes they discontinued months ago.,"[{'term': 'class transparency', 'polarity': 'negative'}]","[{'category': 'marketing', 'polarity': 'negative'}]"
140,Dynamic lighting adjusts to your workout intensity truly futuristic.,"[{'term': 'dynamic lighting', 'polarity': 'positive'}]","[{'category': 'atmosphere', 'polarity': 'positive'}]"
141,"The treadmills are always in excellent condition, and I never had an issue with them.","[{'term': 'treadmills', 'polarity': 'positive'}]","[{'category': 'equipment', 'polarity': 'positive'}]"
142,"The locker rooms are not well-maintained, and they often have an unpleasant smell.","[{'term': 'locker rooms', 'polarity': 'negative'}]","[{'category': 'cleanliness', 'polarity': 'negative'}]"
143,The trainers here are very knowledgeable and help with proper form.,"[{'term': 'trainers', 'polarity': 'positive'}]","[{'category': 'service', 'polarity': 'positive'}]"
144,"The gym is often too crowded in the evenings, making it hard to get a machine.","[{'term': 'crowded', 'polarity': 'negative'}]","[{'category': 'availability', 'polarity': 'negative'}]"
145,"The air conditioning is too weak, and it gets really hot during workouts.","[{'term': 'air conditioning', 'polarity': 'negative'}]","[{'category': 'facilities', 'polarity': 'negative'}]"
146,"The dumbbells are always disorganized, making it difficult to find the right weight.","[{'term': 'dumbbells', 'polarity': 'negative'}]","[{'category': 'equipment', 'polarity': 'negative'}]"
147,"The gym floor is very spacious, allowing plenty of room for stretching and bodyweight exercises.","[{'term': 'gym floor', 'polarity': 'positive'}]","[{'category': 'space', 'polarity': 'positive'}]"
148,"The personal trainers are too pushy about their paid sessions, which feels uncomfortable.","[{'term': 'personal trainers', 'polarity': 'negative'}]","[{'category': 'service', 'polarity': 'negative'}]"
149,"The cleanliness of the showers needs improvement, as they are often wet and slippery.","[{'term': 'showers', 'polarity': 'negative'}]","[{'category': 'cleanliness', 'polarity': 'negative'}]"
150,The gym's background music is too loud and makes it hard to focus.,"[{'term': 'background music', 'polarity': 'negative'}]","[{'category': 'environment', 'polarity': 'negative'}]"
151,"The treadmills are top-notch with built-in Netflix, but the locker rooms reek of mildew, and staff ignore cleaning requests.","[{'term': 'treadmills', 'polarity': 'positive'}, {'term': 'locker rooms', 'polarity': 'negative'}, {'term': 'staff', 'polarity': 'negative'}]","[{'category': 'equipment', 'polarity': 'positive'}, {'category': 'cleanliness', 'polarity': 'negative'}, {'category': 'service', 'polarity': 'negative'}]"
152,"Fantastic 24/7 access and affordable group classes, though the Wi-Fi is unusable and kettlebells are often misplaced.","[{'term': '24/7 access', 'polarity': 'positive'}, {'term': 'group classes', 'polarity': 'positive'}, {'term': 'Wi-Fi', 'polarity': 'negative'}, {'term': 'kettlebells', 'polarity': 'negative'}]","[{'category': 'availability', 'polarity': 'positive'}, {'category': 'pricing', 'polarity': 'positive'}, {'category': 'technology', 'polarity': 'negative'}, {'category': 'equipment', 'polarity': 'negative'}]"
153,"Loved the battle ropes and turf zone, but the floor mats are frayed, and the app double-charged me for a smoothie.","[{'term': 'battle ropes', 'polarity': 'positive'}, {'term': 'turf zone', 'polarity': 'positive'}, {'term': 'floor mats', 'polarity': 'negative'}, {'term': 'app billing', 'polarity': 'negative'}]","[{'category': 'equipment', 'polarity': 'positive'}, {'category': 'safety', 'polarity': 'negative'}, {'category': 'digital_integration', 'polarity': 'negative'}]"
154,"The air conditioning broke mid-summer, the deadlift platform wobbles dangerously, but the free mobility workshops are lifesavers.","[{'term': 'air conditioning', 'polarity': 'negative'}, {'term': 'deadlift platform', 'polarity': 'negative'}, {'term': 'mobility workshops', 'polarity': 'positive'}]","[{'category': 'facilities', 'polarity': 'negative'}, {'category': 'safety', 'polarity': 'negative'}, {'category': 'education', 'polarity': 'positive'}]"
155,"Eco-friendly disinfectants and solar-heated pools are amazing, yet the yoga studio's sound system crackles and towels cost extra.","[{'term': 'disinfectants', 'polarity': 'positive'}, {'term': 'solar-heated pools', 'polarity': 'positive'}, {'term': 'sound system', 'polarity': 'negative'}, {'term': 'towel fees', 'polarity': 'negative'}]","[{'category': 'sustainability', 'polarity': 'positive'}, {'category': 'facilities', 'polarity': 'positive'}, {'category': 'technology', 'polarity': 'negative'}, {'category': 'pricing', 'polarity': 'negative'}]"
156,"The VR cycling class gave me motion sickness, but the post-workout cryotherapy and protein smoothie bar redeemed the experience.","[{'term': 'VR cycling', 'polarity': 'negative'}, {'term': 'cryotherapy', 'polarity': 'positive'}, {'term': 'smoothie bar', 'polarity': 'positive'}]","[{'category': 'class_offerings', 'polarity': 'negative'}, {'category': 'recovery', 'polarity': 'positive'}, {'category': 'amenities', 'polarity': 'positive'}]"
157,"Dumbbells are rusting at the seams, the sauna is blissfully empty at dawn, but trainers push $100/hour sessions aggressively.","[{'term': 'dumbbells', 'polarity': 'negative'}, {'term': 'sauna', 'polarity': 'positive'}, {'term': 'trainers', 'polarity': 'negative'}]","[{'category': 'equipment', 'polarity': 'negative'}, {'category': 'facilities', 'polarity': 'positive'}, {'category': 'service', 'polarity': 'negative'}]"
158,"The grip texture on barbells prevents slippage (genius!), but the 6 AM crowd hogs all the squat racks and leaves chalk everywhere.","[{'term': 'barbell grips', 'polarity': 'positive'}, {'term': '6 AM crowd', 'polarity': 'negative'}, {'term': 'squat racks', 'polarity': 'negative'}, {'term': 'chalk mess', 'polarity': 'negative'}]","[{'category': 'equipment', 'polarity': 'positive'}, {'category': 'crowd', 'polarity': 'negative'}, {'category': 'cleanliness', 'polarity': 'negative'}]"
159,"The new rowing machines are smooth and quiet, but the showers often run cold, and the parking lot floods after rain.","[{'term': 'rowing machines', 'polarity': 'positive'}, {'term': 'showers', 'polarity': 'negative'}, {'term': 'parking lot', 'polarity': 'negative'}]","[{'category': 'equipment', 'polarity': 'positive'}, {'category': 'facilities', 'polarity': 'negative'}, {'category': 'safety', 'polarity': 'negative'}]"
160,"The new Olympic lifting platforms are sturdy and well-spaced, but chalk dust clouds the air, and the 24/7 access was quietly reduced to 5 AM 11 PM.","[{'term': 'lifting platforms', 'polarity': 'positive'}, {'term': 'chalk dust', 'polarity': 'negative'}, {'term': '24/7 access', 'polarity': 'negative'}]","[{'category': 'equipment', 'polarity': 'positive'}, {'category': 'air_quality', 'polarity': 'negative'}, {'category': 'availability', 'polarity': 'negative'}]"
161,"Turf zones are perfect for sled pushes, but the foam rollers are worn flat, and the front desk staff mischarged my account twice.","[{'term': 'turf zones', 'polarity': 'positive'}, {'term': 'foam rollers', 'polarity': 'negative'}, {'term': 'front desk staff', 'polarity': 'negative'}]","[{'category': 'facilities', 'polarity': 'positive'}, {'category': 'equipment', 'polarity': 'negative'}, {'category': 'service', 'polarity': 'negative'}]"
162,"The hydration stations have filtered electrolyte water (a lifesaver!), but the yoga studio's thermostat is stuck at 80°F, and class waitlists cap at 5 people.","[{'term': 'hydration stations', 'polarity': 'positive'}, {'term': 'thermostat', 'polarity': 'negative'}, {'term': 'class waitlists', 'polarity': 'negative'}]","[{'category': 'amenities', 'polarity': 'positive'}, {'category': 'facilities', 'polarity': 'negative'}, {'category': 'crowd', 'polarity': 'negative'}]"
163,"Grip tape on pull-up bars prevents slipping, though the lap pool's lane dividers are broken, and the app's class booking glitch lost my spot.","[{'term': 'grip tape', 'polarity': 'positive'}, {'term': 'lane dividers', 'polarity': 'negative'}, {'term': 'app glitch', 'polarity': 'negative'}]","[{'category': 'equipment', 'polarity': 'positive'}, {'category': 'facilities', 'polarity': 'negative'}, {'category': 'technology', 'polarity': 'negative'}]"
164,"The member lounge has ergonomic seating and free chargers, but the protein shake machine is always out of order, and trainers rush through form checks.","[{'term': 'member lounge', 'polarity': 'positive'}, {'term': 'protein shake machine', 'polarity': 'negative'}, {'term': 'trainers', 'polarity': 'negative'}]","[{'category': 'amenities', 'polarity': 'positive'}, {'category': 'equipment', 'polarity': 'negative'}, {'category': 'service', 'polarity': 'negative'}]"
165,"Battle ropes are thick and durable, but the stretching area's floor mats curl at the edges, and the sauna requires reservations now.","[{'term': 'battle ropes', 'polarity': 'positive'}, {'term': 'floor mats', 'polarity': 'negative'}, {'term': 'sauna reservations', 'polarity': 'negative'}]","[{'category': 'equipment', 'polarity': 'positive'}, {'category': 'safety', 'polarity': 'negative'}, {'category': 'availability', 'polarity': 'negative'}]"
166,"The dynamic lighting adapts to your workout intensity (love this!), but the deadlift platforms lack bumper plates, and locker room thefts went up last month.","[{'term': 'dynamic lighting', 'polarity': 'positive'}, {'term': 'deadlift platforms', 'polarity': 'negative'}, {'term': 'locker room thefts', 'polarity': 'negative'}]","[{'category': 'atmosphere', 'polarity': 'positive'}, {'category': 'equipment', 'polarity': 'negative'}, {'category': 'safety', 'polarity': 'negative'}]"
167,"Childcare services are reliable and staffed warmly, but the leg press machine's seat tears my shorts, and the AC drips water near the dumbbells.","[{'term': 'childcare services', 'polarity': 'positive'}, {'term': 'leg press machine', 'polarity': 'negative'}, {'term': 'AC leaks', 'polarity': 'negative'}]","[{'category': 'services', 'polarity': 'positive'}, {'category': 'equipment', 'polarity': 'negative'}, {'category': 'facilities', 'polarity': 'negative'}]"
168,"The gym's podcast studio for recording workout playlists is innovative, but the cable machine pulleys squeak loudly, and towel rentals cost $3 each.","[{'term': 'podcast studio', 'polarity': 'positive'}, {'term': 'cable pulleys', 'polarity': 'negative'}, {'term': 'towel rentals', 'polarity': 'negative'}]","[{'category': 'technology', 'polarity': 'positive'}, {'category': 'equipment', 'polarity': 'negative'}, {'category': 'pricing', 'polarity': 'negative'}]"
169,"Outdoor workout decks with sunset views are stunning, but the resistance bands snap frequently, and the water fountain's sensor barely works.","[{'term': 'outdoor decks', 'polarity': 'positive'}, {'term': 'resistance bands', 'polarity': 'negative'}, {'term': 'water fountain', 'polarity': 'negative'}]","[{'category': 'facilities', 'polarity': 'positive'}, {'category': 'equipment', 'polarity': 'negative'}, {'category': 'technology', 'polarity': 'negative'}]"
170,"The virtual reality spin classes are exhilarating, but the rowing machines' foot straps fray easily, and the smoothie bar's blenders are painfully loud.","[{'term': 'VR spin classes', 'polarity': 'positive'}, {'term': 'rowing machines', 'polarity': 'negative'}, {'term': 'smoothie bar noise', 'polarity': 'negative'}]","[{'category': 'class_offerings', 'polarity': 'positive'}, {'category': 'equipment', 'polarity': 'negative'}, {'category': 'atmosphere', 'polarity': 'negative'}]"
171,"Staff helped me perfect my squat form, but the cable machine handles are greasy, and the protein shakes taste artificial.","[{'term': 'staff', 'polarity': 'positive'}, {'term': 'cable handles', 'polarity': 'negative'}, {'term': 'protein shakes', 'polarity': 'negative'}]","[{'category': 'service', 'polarity': 'positive'}, {'category': 'equipment', 'polarity': 'negative'}, {'category': 'amenities', 'polarity': 'negative'}]"
172,"The outdoor HIIT zone is motivating in good weather, but the resistance bands snap frequently, and class cancellation fees are unreasonable.","[{'term': 'HIIT zone', 'polarity': 'positive'}, {'term': 'resistance bands', 'polarity': 'negative'}, {'term': 'cancellation fees', 'polarity': 'negative'}]","[{'category': 'facilities', 'polarity': 'positive'}, {'category': 'equipment', 'polarity': 'negative'}, {'category': 'pricing', 'polarity': 'negative'}]"
173,"Loved the free physio consultations, but the deadlift platforms wobble, and the air conditioning shuts off randomly.","[{'term': 'physio consultations', 'polarity': 'positive'}, {'term': 'deadlift platforms', 'polarity': 'negative'}, {'term': 'air conditioning', 'polarity': 'negative'}]","[{'category': 'services', 'polarity': 'positive'}, {'category': 'equipment', 'polarity': 'negative'}, {'category': 'facilities', 'polarity': 'negative'}]"
174,"The gym's app tracks reps perfectly, but the sauna is closed for renovations, and the 6 AM crowd hogs all the benches.","[{'term': 'gym app', 'polarity': 'positive'}, {'term': 'sauna', 'polarity': 'negative'}, {'term': '6 AM crowd', 'polarity': 'negative'}]","[{'category': 'technology', 'polarity': 'positive'}, {'category': 'facilities', 'polarity': 'negative'}, {'category': 'crowd', 'polarity': 'negative'}]"
175,"Chalk dispensers are always full (a plus!), but the leg curl machine squeaks loudly, and towel rentals doubled in price.","[{'term': 'chalk dispensers', 'polarity': 'positive'}, {'term': 'leg curl machine', 'polarity': 'negative'}, {'term': 'towel rentals', 'polarity': 'negative'}]","[{'category': 'equipment', 'polarity': 'positive'}, {'category': 'maintenance', 'polarity': 'negative'}, {'category': 'pricing', 'polarity': 'negative'}]"
176,"The stretching area has ample space and mirrors, but the water fountain's sensor is broken, and weekend parking fills up by 8 AM.","[{'term': 'stretching area', 'polarity': 'positive'}, {'term': 'water fountain', 'polarity': 'negative'}, {'term': 'weekend parking', 'polarity': 'negative'}]","[{'category': 'space', 'polarity': 'positive'}, {'category': 'technology', 'polarity': 'negative'}, {'category': 'availability', 'polarity': 'negative'}]"
177,"Dynamic lighting adjusts to your heart rate'super cool! But the Smith machine's rails are misaligned, and locker rooms lack ventilation.","[{'term': 'dynamic lighting', 'polarity': 'positive'}, {'term': 'Smith machine', 'polarity': 'negative'}, {'term': 'locker rooms', 'polarity': 'negative'}]","[{'category': 'technology', 'polarity': 'positive'}, {'category': 'equipment', 'polarity': 'negative'}, {'category': 'air_quality', 'polarity': 'negative'}]"
178,"The gym hosts free nutrition seminars, but the cable pulleys jam frequently, and the front desk loses package deliveries.","[{'term': 'nutrition seminars', 'polarity': 'positive'}, {'term': 'cable pulleys', 'polarity': 'negative'}, {'term': 'front desk', 'polarity': 'negative'}]","[{'category': 'education', 'polarity': 'positive'}, {'category': 'equipment', 'polarity': 'negative'}, {'category': 'service', 'polarity': 'negative'}]"
179,"The lap pool is pristine and rarely crowded, but the stair climbers are outdated, and the app's heart rate monitor lags.","[{'term': 'lap pool', 'polarity': 'positive'}, {'term': 'stair climbers', 'polarity': 'negative'}, {'term': 'heart rate monitor', 'polarity': 'negative'}]","[{'category': 'facilities', 'polarity': 'positive'}, {'category': 'equipment', 'polarity': 'negative'}, {'category': 'technology', 'polarity': 'negative'}]"
180,"The new battle ropes are thick and easy to grip, but the stretching mats are worn thin, and the Wi-Fi drops during peak hours.","[{'term': 'battle ropes', 'polarity': 'positive'}, {'term': 'stretching mats', 'polarity': 'negative'}, {'term': 'Wi-Fi', 'polarity': 'negative'}]","[{'category': 'equipment', 'polarity': 'positive'}, {'category': 'maintenance', 'polarity': 'negative'}, {'category': 'technology', 'polarity': 'negative'}]"
181,"The gym's recovery lounge has massage guns and foam rollers, but the treadmills are outdated, and the Wi-Fi is painfully slow.","[{'term': 'recovery lounge', 'polarity': 'positive'}, {'term': 'treadmills', 'polarity': 'negative'}, {'term': 'Wi-Fi', 'polarity': 'negative'}]","[{'category': 'recovery', 'polarity': 'positive'}, {'category': 'equipment', 'polarity': 'negative'}, {'category': 'technology', 'polarity': 'negative'}]"
182,"The outdoor yoga deck is serene and well-maintained, but the dumbbells are mismatched, and the water fountain's filter is clogged.","[{'term': 'yoga deck', 'polarity': 'positive'}, {'term': 'dumbbells', 'polarity': 'negative'}, {'term': 'water fountain', 'polarity': 'negative'}]","[{'category': 'facilities', 'polarity': 'positive'}, {'category': 'equipment', 'polarity': 'negative'}, {'category': 'maintenance', 'polarity': 'negative'}]"
183,"The gym's app tracks calories burned accurately, but the squat racks are too close together, and the locker room smells musty.","[{'term': 'gym app', 'polarity': 'positive'}, {'term': 'squat racks', 'polarity': 'negative'}, {'term': 'locker room', 'polarity': 'negative'}]","[{'category': 'technology', 'polarity': 'positive'}, {'category': 'space', 'polarity': 'negative'}, {'category': 'cleanliness', 'polarity': 'negative'}]"
184,"The personal trainers are certified and attentive, but the leg press machine's seat is torn, and the AC vents drip water.","[{'term': 'personal trainers', 'polarity': 'positive'}, {'term': 'leg press machine', 'polarity': 'negative'}, {'term': 'AC vents', 'polarity': 'negative'}]","[{'category': 'service', 'polarity': 'positive'}, {'category': 'equipment', 'polarity': 'negative'}, {'category': 'facilities', 'polarity': 'negative'}]"
185,"The gym's rooftop track offers stunning views, but the ellipticals are outdated, and the smoothie bar's prices are outrageous.","[{'term': 'rooftop track', 'polarity': 'positive'}, {'term': 'ellipticals', 'polarity': 'negative'}, {'term': 'smoothie bar prices', 'polarity': 'negative'}]","[{'category': 'facilities', 'polarity': 'positive'}, {'category': 'equipment', 'polarity': 'negative'}, {'category': 'pricing', 'polarity': 'negative'}]"
186,"The gym's biometric scanners make check-ins seamless, but the cable machine's pulleys are noisy, and the showers lack hot water.","[{'term': 'biometric scanners', 'polarity': 'positive'}, {'term': 'cable pulleys', 'polarity': 'negative'}, {'term': 'showers', 'polarity': 'negative'}]","[{'category': 'technology', 'polarity': 'positive'}, {'category': 'equipment', 'polarity': 'negative'}, {'category': 'facilities', 'polarity': 'negative'}]"
187,"The gym's VR cycling classes are immersive and fun, but the rowing machines' foot straps are frayed, and the parking lot is poorly lit.","[{'term': 'VR cycling', 'polarity': 'positive'}, {'term': 'rowing machines', 'polarity': 'negative'}, {'term': 'parking lot', 'polarity': 'negative'}]","[{'category': 'class_offerings', 'polarity': 'positive'}, {'category': 'equipment', 'polarity': 'negative'}, {'category': 'safety', 'polarity': 'negative'}]"
188,"The gym's free mobility workshops are incredibly helpful, but the dumbbell racks are disorganized, and the locker room benches are wobbly.","[{'term': 'mobility workshops', 'polarity': 'positive'}, {'term': 'dumbbell racks', 'polarity': 'negative'}, {'term': 'locker room benches', 'polarity': 'negative'}]","[{'category': 'education', 'polarity': 'positive'}, {'category': 'equipment', 'polarity': 'negative'}, {'category': 'facilities', 'polarity': 'negative'}]"
189,"The gym's outdoor boot camp classes are energizing, but the kettlebells are rusting, and the water fountain's pressure is weak.","[{'term': 'boot camp classes', 'polarity': 'positive'}, {'term': 'kettlebells', 'polarity': 'negative'}, {'term': 'water fountain', 'polarity': 'negative'}]","[{'category': 'class_offerings', 'polarity': 'positive'}, {'category': 'equipment', 'polarity': 'negative'}, {'category': 'facilities', 'polarity': 'negative'}]"
190,"The gym's cryotherapy chamber is a game-changer for recovery, but the treadmills are outdated, and the locker room smells musty.","[{'term': 'cryotherapy chamber', 'polarity': 'positive'}, {'term': 'treadmills', 'polarity': 'negative'}, {'term': 'locker room', 'polarity': 'negative'}]","[{'category': 'recovery', 'polarity': 'positive'}, {'category': 'equipment', 'polarity': 'negative'}, {'category': 'cleanliness', 'polarity': 'negative'}]"
191,"The gym's outdoor yoga deck is serene and well-maintained, but the dumbbells are mismatched, and the water fountain's filter is clogged.","[{'term': 'yoga deck', 'polarity': 'positive'}, {'term': 'dumbbells', 'polarity': 'negative'}, {'term': 'water fountain', 'polarity': 'negative'}]","[{'category': 'facilities', 'polarity': 'positive'}, {'category': 'equipment', 'polarity': 'negative'}, {'category': 'maintenance', 'polarity': 'negative'}]"
192,"The gym's app tracks calories burned accurately, but the squat racks are too close together, and the locker room smells musty.","[{'term': 'gym app', 'polarity': 'positive'}, {'term': 'squat racks', 'polarity': 'negative'}, {'term': 'locker room', 'polarity': 'negative'}]","[{'category': 'technology', 'polarity': 'positive'}, {'category': 'space', 'polarity': 'negative'}, {'category': 'cleanliness', 'polarity': 'negative'}]"
193,"The personal trainers are certified and attentive, but the leg press machine's seat is torn, and the AC vents drip water.","[{'term': 'personal trainers', 'polarity': 'positive'}, {'term': 'leg press machine', 'polarity': 'negative'}, {'term': 'AC vents', 'polarity': 'negative'}]","[{'category': 'service', 'polarity': 'positive'}, {'category': 'equipment', 'polarity': 'negative'}, {'category': 'facilities', 'polarity': 'negative'}]"
194,"The gym's rooftop track offers stunning views, but the ellipticals are outdated, and the smoothie bar's prices are outrageous.","[{'term': 'rooftop track', 'polarity': 'positive'}, {'term': 'ellipticals', 'polarity': 'negative'}, {'term': 'smoothie bar prices', 'polarity': 'negative'}]","[{'category': 'facilities', 'polarity': 'positive'}, {'category': 'equipment', 'polarity': 'negative'}, {'category': 'pricing', 'polarity': 'negative'}]"
195,"The gym's biometric scanners make check-ins seamless, but the cable machine's pulleys are noisy, and the showers lack hot water.","[{'term': 'biometric scanners', 'polarity': 'positive'}, {'term': 'cable pulleys', 'polarity': 'negative'}, {'term': 'showers', 'polarity': 'negative'}]","[{'category': 'technology', 'polarity': 'positive'}, {'category': 'equipment', 'polarity': 'negative'}, {'category': 'facilities', 'polarity': 'negative'}]"
196,"The gym's VR cycling classes are immersive and fun, but the rowing machines foot straps are frayed, and the parking lot is poorly lit.","[{'term': 'VR cycling', 'polarity': 'positive'}, {'term': 'rowing machines', 'polarity': 'negative'}, {'term': 'parking lot', 'polarity': 'negative'}]","[{'category': 'class_offerings', 'polarity': 'positive'}, {'category': 'equipment', 'polarity': 'negative'}, {'category': 'safety', 'polarity': 'negative'}]"
197,"The gym's free mobility workshops are incredibly helpful, but the dumbbell racks are disorganized, and the locker room benches are wobbly.","[{'term': 'mobility workshops', 'polarity': 'positive'}, {'term': 'dumbbell racks', 'polarity': 'negative'}, {'term': 'locker room benches', 'polarity': 'negative'}]","[{'category': 'education', 'polarity': 'positive'}, {'category': 'equipment', 'polarity': 'negative'}, {'category': 'facilities', 'polarity': 'negative'}]"
198,"The gym's outdoor boot camp classes are energizing, but the kettlebells are rusting, and the water fountain's pressure is weak.","[{'term': 'boot camp classes', 'polarity': 'positive'}, {'term': 'kettlebells', 'polarity': 'negative'}, {'term': 'water fountain', 'polarity': 'negative'}]","[{'category': 'class_offerings', 'polarity': 'positive'}, {'category': 'equipment', 'polarity': 'negative'}, {'category': 'facilities', 'polarity': 'negative'}]"
199,"The gym's cryotherapy chamber is a game-changer for recovery, but the treadmills are outdated, and the locker room smells musty.","[{'term': 'cryotherapy chamber', 'polarity': 'positive'}, {'term': 'treadmills', 'polarity': 'negative'}, {'term': 'locker room', 'polarity': 'negative'}]","[{'category': 'recovery', 'polarity': 'positive'}, {'category': 'equipment', 'polarity': 'negative'}, {'category': 'cleanliness', 'polarity': 'negative'}]"
200,"The gym's outdoor yoga deck is serene and well-maintained, but the dumbbells are mismatched, and the water fountain's filter is clogged.","[{'term': 'yoga deck', 'polarity': 'positive'}, {'term': 'dumbbells', 'polarity': 'negative'}, {'term': 'water fountain', 'polarity': 'negative'}]","[{'category': 'facilities', 'polarity': 'positive'}, {'category': 'equipment', 'polarity': 'negative'}, {'category': 'maintenance', 'polarity': 'negative'}]"
201,"The gym's community events, like member meetups and fitness challenges, are fantastic, but the childcare room is too small and understaffed.","[{'term': 'community events', 'polarity': 'positive'}, {'term': 'childcare room', 'polarity': 'negative'}]","[{'category': 'community', 'polarity': 'positive'}, {'category': 'childcare', 'polarity': 'negative'}]"
202,"The eco-friendly cleaning products leave a fresh scent, but the gym's paper towel waste is excessive, and recycling bins are rarely emptied.","[{'term': 'eco-friendly products', 'polarity': 'positive'}, {'term': 'paper towel waste', 'polarity': 'negative'}, {'term': 'recycling bins', 'polarity': 'negative'}]","[{'category': 'sustainability', 'polarity': 'positive'}, {'category': 'waste_management', 'polarity': 'negative'}]"
203,"The gym's percussion massagers in the recovery lounge are top-notch, but the foam rollers are worn out, and the stretching area is cramped.","[{'term': 'percussion massagers', 'polarity': 'positive'}, {'term': 'foam rollers', 'polarity': 'negative'}, {'term': 'stretching area', 'polarity': 'negative'}]","[{'category': 'recovery_tech', 'polarity': 'positive'}, {'category': 'equipment', 'polarity': 'negative'}, {'category': 'space', 'polarity': 'negative'}]"
204,"The gym's member etiquette workshops have improved behavior, but the sauna is often overcrowded, and the water cooler is frequently empty.","[{'term': 'member etiquette', 'polarity': 'positive'}, {'term': 'sauna', 'polarity': 'negative'}, {'term': 'water cooler', 'polarity': 'negative'}]","[{'category': 'community', 'polarity': 'positive'}, {'category': 'facilities', 'polarity': 'negative'}]"
205,"The gym's outdoor boot camp classes are energizing, but the kettlebells are rusting, and the water fountain's pressure is weak.","[{'term': 'boot camp classes', 'polarity': 'positive'}, {'term': 'kettlebells', 'polarity': 'negative'}, {'term': 'water fountain', 'polarity': 'negative'}]","[{'category': 'class_offerings', 'polarity': 'positive'}, {'category': 'equipment', 'polarity': 'negative'}, {'category': 'facilities', 'polarity': 'negative'}]"
206,"The gym's cryotherapy chamber is a game-changer for recovery, but the treadmills are outdated, and the locker room smells musty.","[{'term': 'cryotherapy chamber', 'polarity': 'positive'}, {'term': 'treadmills', 'polarity': 'negative'}, {'term': 'locker room', 'polarity': 'negative'}]","[{'category': 'recovery', 'polarity': 'positive'}, {'category': 'equipment', 'polarity': 'negative'}, {'category': 'cleanliness', 'polarity': 'negative'}]"
207,"The gym's outdoor yoga deck is serene and well-maintained, but the dumbbells are mismatched, and the water fountain's filter is clogged.","[{'term': 'yoga deck', 'polarity': 'positive'}, {'term': 'dumbbells', 'polarity': 'negative'}, {'term': 'water fountain', 'polarity': 'negative'}]","[{'category': 'facilities', 'polarity': 'positive'}, {'category': 'equipment', 'polarity': 'negative'}, {'category': 'maintenance', 'polarity': 'negative'}]"
208,"The gym's app tracks calories burned accurately, but the squat racks are too close together, and the locker room smells musty.","[{'term': 'gym app', 'polarity': 'positive'}, {'term': 'squat racks', 'polarity': 'negative'}, {'term': 'locker room', 'polarity': 'negative'}]","[{'category': 'technology', 'polarity': 'positive'}, {'category': 'space', 'polarity': 'negative'}, {'category': 'cleanliness', 'polarity': 'negative'}]"
209,"The personal trainers are certified and attentive, but the leg press machine's seat is torn, and the AC vents drip water.","[{'term': 'personal trainers', 'polarity': 'positive'}, {'term': 'leg press machine', 'polarity': 'negative'}, {'term': 'AC vents', 'polarity': 'negative'}]","[{'category': 'service', 'polarity': 'positive'}, {'category': 'equipment', 'polarity': 'negative'}, {'category': 'facilities', 'polarity': 'negative'}]"
210,"The gym's rooftop track offers stunning views, but the ellipticals are outdated, and the smoothie bar's prices are outrageous.","[{'term': 'rooftop track', 'polarity': 'positive'}, {'term': 'ellipticals', 'polarity': 'negative'}, {'term': 'smoothie bar prices', 'polarity': 'negative'}]","[{'category': 'facilities', 'polarity': 'positive'}, {'category': 'equipment', 'polarity': 'negative'}, {'category': 'pricing', 'polarity': 'negative'}]"
211,"As a beginner, I was nervous, but the staff was super welcoming and showed me how to use every machine. The gym is clean, but the dumbbells are a bit heavy for me.","[{'term': 'staff', 'polarity': 'positive'}, {'term': 'cleanliness', 'polarity': 'positive'}, {'term': 'dumbbells', 'polarity': 'negative'}]","[{'category': 'service', 'polarity': 'positive'}, {'category': 'cleanliness', 'polarity': 'positive'}, {'category': 'equipment', 'polarity': 'negative'}]"
212,"I joined last week, and the trainers are amazing! They explained everything clearly, but the gym gets too crowded after 5 PM, and I can't find a free treadmill.","[{'term': 'trainers', 'polarity': 'positive'}, {'term': 'crowd', 'polarity': 'negative'}, {'term': 'treadmills', 'polarity': 'negative'}]","[{'category': 'service', 'polarity': 'positive'}, {'category': 'crowd', 'polarity': 'negative'}, {'category': 'availability', 'polarity': 'negative'}]"
213,"The gym is beginner-friendly, but the locker rooms are always messy, and I wish there were more signs explaining how to use the machines.","[{'term': 'beginner-friendly', 'polarity': 'positive'}, {'term': 'locker rooms', 'polarity': 'negative'}, {'term': 'machine instructions', 'polarity': 'negative'}]","[{'category': 'service', 'polarity': 'positive'}, {'category': 'cleanliness', 'polarity': 'negative'}, {'category': 'equipment', 'polarity': 'negative'}]"
214,"I've been coming here for a year, and the equipment variety is great, but the squat racks are always taken, and the Wi-Fi is spotty.","[{'term': 'equipment variety', 'polarity': 'positive'}, {'term': 'squat racks', 'polarity': 'negative'}, {'term': 'Wi-Fi', 'polarity': 'negative'}]","[{'category': 'equipment', 'polarity': 'positive'}, {'category': 'availability', 'polarity': 'negative'}, {'category': 'technology', 'polarity': 'negative'}]"
215,"The group classes are fun and challenging, but the yoga mats are worn out, and the showers are often out of hot water.","[{'term': 'group classes', 'polarity': 'positive'}, {'term': 'yoga mats', 'polarity': 'negative'}, {'term': 'showers', 'polarity': 'negative'}]","[{'category': 'class_offerings', 'polarity': 'positive'}, {'category': 'equipment', 'polarity': 'negative'}, {'category': 'facilities', 'polarity': 'negative'}]"
216,"I love the gym's app for tracking my progress, but the leg press machine is broken, and the smoothie bar is overpriced.","[{'term': 'gym app', 'polarity': 'positive'}, {'term': 'leg press machine', 'polarity': 'negative'}, {'term': 'smoothie bar', 'polarity': 'negative'}]","[{'category': 'technology', 'polarity': 'positive'}, {'category': 'equipment', 'polarity': 'negative'}, {'category': 'pricing', 'polarity': 'negative'}]"
217,"The Olympic lifting platforms are solid, but the gym needs more heavy dumbbells, and the chalk dispensers are always empty.","[{'term': 'lifting platforms', 'polarity': 'positive'}, {'term': 'heavy dumbbells', 'polarity': 'negative'}, {'term': 'chalk dispensers', 'polarity': 'negative'}]","[{'category': 'equipment', 'polarity': 'positive'}, {'category': 'equipment', 'polarity': 'negative'}, {'category': 'maintenance', 'polarity': 'negative'}]"
218,"The cryotherapy chamber is a game-changer for recovery, but the gym's Wi-Fi is unreliable, and the parking lot is too small.","[{'term': 'cryotherapy chamber', 'polarity': 'positive'}, {'term': 'Wi-Fi', 'polarity': 'negative'}, {'term': 'parking lot', 'polarity': 'negative'}]","[{'category': 'recovery', 'polarity': 'positive'}, {'category': 'technology', 'polarity': 'negative'}, {'category': 'facilities', 'polarity': 'negative'}]"
219,"The advanced powerlifting classes are fantastic, but the barbells are rusty, and the gym's music playlist is repetitive.","[{'term': 'powerlifting classes', 'polarity': 'positive'}, {'term': 'barbells', 'polarity': 'negative'}, {'term': 'music playlist', 'polarity': 'negative'}]","[{'category': 'class_offerings', 'polarity': 'positive'}, {'category': 'equipment', 'polarity': 'negative'}, {'category': 'atmosphere', 'polarity': 'negative'}]"
220,"The gym's equipment is top-notch, but the staff needs better training on customer service. I also noticed a lot of broken locker keys in the changing rooms.","[{'term': 'equipment', 'polarity': 'positive'}, {'term': 'staff', 'polarity': 'negative'}, {'term': 'locker keys', 'polarity': 'negative'}]","[{'category': 'service', 'polarity': 'negative'}, {'category': 'facilities', 'polarity': 'negative'}]"
221,"I love how spacious the gym is, but the air conditioning is just terrible during the summer. Also, the floor mats are slippery when wet.","[{'term': 'gym', 'polarity': 'positive'}, {'term': 'air conditioning', 'polarity': 'negative'}, {'term': 'floor mats', 'polarity': 'negative'}]","[{'category': 'space', 'polarity': 'positive'}, {'category': 'facilities', 'polarity': 'negative'}]"
222,"The staff is incredibly friendly, but I wish the hours were more flexible, especially during holidays. The swimming pool could use more cleaning, though.","[{'term': 'staff', 'polarity': 'positive'}, {'term': 'hours', 'polarity': 'negative'}, {'term': 'swimming pool', 'polarity': 'negative'}]","[{'category': 'service', 'polarity': 'positive'}, {'category': 'availability', 'polarity': 'negative'}, {'category': 'cleanliness', 'polarity': 'negative'}]"
223,"The gym's Wi-Fi was surprisingly fast, but the dumbbells are always scattered around the floor, which is dangerous. The music is often too loud as well.","[{'term': 'Wi-Fi', 'polarity': 'positive'}, {'term': 'dumbbells', 'polarity': 'negative'}, {'term': 'music', 'polarity': 'negative'}]","[{'category': 'facilities', 'polarity': 'positive'}, {'category': 'equipment', 'polarity': 'negative'}, {'category': 'environment', 'polarity': 'negative'}]"
224,"The gym has great machines for cardio, but there are not enough weights in the free weights area. I also dislike the strict rules about gym attire.","[{'term': 'machines', 'polarity': 'positive'}, {'term': 'weights', 'polarity': 'negative'}, {'term': 'gym attire', 'polarity': 'negative'}]","[{'category': 'equipment', 'polarity': 'positive'}, {'category': 'facilities', 'polarity': 'negative'}, {'category': 'rules', 'polarity': 'negative'}]"
225,"The gym's location is fantastic, but there's a lack of parking spaces. The lockers are small, and they don't fit my gym bag.","[{'term': 'location', 'polarity': 'positive'}, {'term': 'parking spaces', 'polarity': 'negative'}, {'term': 'lockers', 'polarity': 'negative'}]","[{'category': 'location', 'polarity': 'positive'}, {'category': 'facilities', 'polarity': 'negative'}]"
226,"The yoga classes are excellent, but I had trouble getting a spot. The lighting in the studio is also too dim, which I don't like.","[{'term': 'yoga classes', 'polarity': 'positive'}, {'term': 'spot', 'polarity': 'negative'}, {'term': 'lighting', 'polarity': 'negative'}]","[{'category': 'service', 'polarity': 'positive'}, {'category': 'availability', 'polarity': 'negative'}, {'category': 'environment', 'polarity': 'negative'}]"
227,"The swimming pool is always too cold for a comfortable swim, and the changing rooms are so cramped, it's hard to get dressed. The reception desk could be more efficient.","[{'term': 'swimming pool', 'polarity': 'negative'}, {'term': 'changing rooms', 'polarity': 'negative'}, {'term': 'reception desk', 'polarity': 'negative'}]","[{'category': 'facilities', 'polarity': 'negative'}, {'category': 'service', 'polarity': 'negative'}]"
228,"The gym's cleanliness is excellent, but the lockers are always full. The atmosphere is motivating, but the music gets too repetitive after a while.","[{'term': 'cleanliness', 'polarity': 'positive'}, {'term': 'lockers', 'polarity': 'negative'}, {'term': 'atmosphere', 'polarity': 'positive'}, {'term': 'music', 'polarity': 'negative'}]","[{'category': 'cleanliness', 'polarity': 'positive'}, {'category': 'facilities', 'polarity': 'negative'}, {'category': 'environment', 'polarity': 'positive'}]"
229,"The gym has great cardio equipment, but the pool area is too small for the number of people who use it. The staff is always helpful, though.","[{'term': 'cardio equipment', 'polarity': 'positive'}, {'term': 'pool area', 'polarity': 'negative'}, {'term': 'staff', 'polarity': 'positive'}]","[{'category': 'equipment', 'polarity': 'positive'}, {'category': 'facilities', 'polarity': 'negative'}, {'category': 'service', 'polarity': 'positive'}]"
230,"The personal training sessions are great, but I didn't like how crowded the gym gets during peak hours. The temperature inside was also too high.","[{'term': 'personal training', 'polarity': 'positive'}, {'term': 'crowded', 'polarity': 'negative'}, {'term': 'temperature', 'polarity': 'negative'}]","[{'category': 'service', 'polarity': 'positive'}, {'category': 'environment', 'polarity': 'negative'}]"
231,"The gym is clean and organized, but the front desk could use more staff. The locker rooms are sometimes messy and could be improved.","[{'term': 'cleanliness', 'polarity': 'positive'}, {'term': 'front desk', 'polarity': 'negative'}, {'term': 'locker rooms', 'polarity': 'negative'}]","[{'category': 'cleanliness', 'polarity': 'positive'}, {'category': 'service', 'polarity': 'negative'}, {'category': 'facilities', 'polarity': 'negative'}]"
232,"The gym's flexibility with payment options is amazing, but the equipment sometimes seems old and outdated. They could upgrade a few machines.","[{'term': 'payment options', 'polarity': 'positive'}, {'term': 'equipment', 'polarity': 'negative'}, {'term': 'machines', 'polarity': 'negative'}]","[{'category': 'service', 'polarity': 'positive'}, {'category': 'equipment', 'polarity': 'negative'}]"
233,"I like the variety of machines, but the gym lacks a good stretching area. The lighting is also harsh and too bright in some spots.","[{'term': 'variety of machines', 'polarity': 'positive'}, {'term': 'stretching area', 'polarity': 'negative'}, {'term': 'lighting', 'polarity': 'negative'}]","[{'category': 'equipment', 'polarity': 'positive'}, {'category': 'facilities', 'polarity': 'negative'}, {'category': 'environment', 'polarity': 'negative'}]"
234,"The gym is very affordable, but the hours are not convenient for people with busy schedules. The temperature inside could be lower, especially during summer.","[{'term': 'affordable', 'polarity': 'positive'}, {'term': 'hours', 'polarity': 'negative'}, {'term': 'temperature', 'polarity': 'negative'}]","[{'category': 'service', 'polarity': 'positive'}, {'category': 'availability', 'polarity': 'negative'}, {'category': 'environment', 'polarity': 'negative'}]"
235,"The gym's atmosphere is great, but I wish the staff were more approachable. The yoga classes are a bit too advanced for beginners.","[{'term': 'atmosphere', 'polarity': 'positive'}, {'term': 'staff', 'polarity': 'negative'}, {'term': 'yoga classes', 'polarity': 'negative'}]","[{'category': 'environment', 'polarity': 'positive'}, {'category': 'service', 'polarity': 'negative'}, {'category': 'service', 'polarity': 'negative'}]"
236,"The gym is always clean, but the benches are often taken, especially during peak hours. The gym snacks could use some improvement.","[{'term': 'cleanliness', 'polarity': 'positive'}, {'term': 'benches', 'polarity': 'negative'}, {'term': 'gym snacks', 'polarity': 'negative'}]","[{'category': 'cleanliness', 'polarity': 'positive'}, {'category': 'facilities', 'polarity': 'negative'}, {'category': 'food', 'polarity': 'negative'}]"
237,"The gym's hours are very convenient, but the showers often run out of hot water. The equipment could use some maintenance.","[{'term': 'hours', 'polarity': 'positive'}, {'term': 'showers', 'polarity': 'negative'}, {'term': 'equipment', 'polarity': 'negative'}]","[{'category': 'availability', 'polarity': 'positive'}, {'category': 'facilities', 'polarity': 'negative'}]"
238,"The gym is good for weightlifting, but they don't offer much in the way of cardio equipment. The lockers could use some upgrades.","[{'term': 'weightlifting', 'polarity': 'positive'}, {'term': 'cardio equipment', 'polarity': 'negative'}, {'term': 'lockers', 'polarity': 'negative'}]","[{'category': 'equipment', 'polarity': 'positive'}, {'category': 'facilities', 'polarity': 'negative'}]"
239,"The gym has everything I need for a good workout, but the air conditioning doesn't work well. Also, the changing rooms could use better ventilation.","[{'term': 'workout', 'polarity': 'positive'}, {'term': 'air conditioning', 'polarity': 'negative'}, {'term': 'changing rooms', 'polarity': 'negative'}]","[{'category': 'equipment', 'polarity': 'positive'}, {'category': 'facilities', 'polarity': 'negative'}]"
240,"The gym's equipment is top-notch, but the staff needs better training on customer service. I also noticed a lot of broken locker keys in the changing rooms.","[{'term': 'equipment', 'polarity': 'positive'}, {'term': 'staff', 'polarity': 'negative'}, {'term': 'locker keys', 'polarity': 'negative'}]","[{'category': 'service', 'polarity': 'negative'}, {'category': 'facilities', 'polarity': 'negative'}]"
241,"I love how spacious the gym is, but the air conditioning is just terrible during the summer. Also, the floor mats are slippery when wet.","[{'term': 'gym', 'polarity': 'positive'}, {'term': 'air conditioning', 'polarity': 'negative'}, {'term': 'floor mats', 'polarity': 'negative'}]","[{'category': 'space', 'polarity': 'positive'}, {'category': 'facilities', 'polarity': 'negative'}]"
242,"The staff is incredibly friendly, but I wish the hours were more flexible, especially during holidays. The swimming pool could use more cleaning, though.","[{'term': 'staff', 'polarity': 'positive'}, {'term': 'hours', 'polarity': 'negative'}, {'term': 'swimming pool', 'polarity': 'negative'}]","[{'category': 'service', 'polarity': 'positive'}, {'category': 'availability', 'polarity': 'negative'}, {'category': 'cleanliness', 'polarity': 'negative'}]"
243,"The gym's Wi-Fi was surprisingly fast, but the dumbbells are always scattered around the floor, which is dangerous. The music is often too loud as well.","[{'term': 'Wi-Fi', 'polarity': 'positive'}, {'term': 'dumbbells', 'polarity': 'negative'}, {'term': 'music', 'polarity': 'negative'}]","[{'category': 'facilities', 'polarity': 'positive'}, {'category': 'equipment', 'polarity': 'negative'}, {'category': 'environment', 'polarity': 'negative'}]"
244,"The gym has great machines for cardio, but there are not enough weights in the free weights area. I also dislike the strict rules about gym attire.","[{'term': 'machines', 'polarity': 'positive'}, {'term': 'weights', 'polarity': 'negative'}, {'term': 'gym attire', 'polarity': 'negative'}]","[{'category': 'equipment', 'polarity': 'positive'}, {'category': 'facilities', 'polarity': 'negative'}, {'category': 'rules', 'polarity': 'negative'}]"
245,"The gym's location is fantastic, but there's a lack of parking spaces. The lockers are small, and they don't fit my gym bag.","[{'term': 'location', 'polarity': 'positive'}, {'term': 'parking spaces', 'polarity': 'negative'}, {'term': 'lockers', 'polarity': 'negative'}]","[{'category': 'location', 'polarity': 'positive'}, {'category': 'facilities', 'polarity': 'negative'}]"
246,"The yoga classes are excellent, but I had trouble getting a spot. The lighting in the studio is also too dim, which I don't like.","[{'term': 'yoga classes', 'polarity': 'positive'}, {'term': 'spot', 'polarity': 'negative'}, {'term': 'lighting', 'polarity': 'negative'}]","[{'category': 'service', 'polarity': 'positive'}, {'category': 'availability', 'polarity': 'negative'}, {'category': 'environment', 'polarity': 'negative'}]"
247,"The swimming pool is always too cold for a comfortable swim, and the changing rooms are so cramped, it's hard to get dressed. The reception desk could be more efficient.","[{'term': 'swimming pool', 'polarity': 'negative'}, {'term': 'changing rooms', 'polarity': 'negative'}, {'term': 'reception desk', 'polarity': 'negative'}]","[{'category': 'facilities', 'polarity': 'negative'}, {'category': 'service', 'polarity': 'negative'}]"
248,"The gym's cleanliness is excellent, but the lockers are always full. The atmosphere is motivating, but the music gets too repetitive after a while.","[{'term': 'cleanliness', 'polarity': 'positive'}, {'term': 'lockers', 'polarity': 'negative'}, {'term': 'atmosphere', 'polarity': 'positive'}, {'term': 'music', 'polarity': 'negative'}]","[{'category': 'cleanliness', 'polarity': 'positive'}, {'category': 'facilities', 'polarity': 'negative'}, {'category': 'environment', 'polarity': 'positive'}]"
249,"The gym has great cardio equipment, but the pool area is too small for the number of people who use it. The staff is always helpful, though.","[{'term': 'cardio equipment', 'polarity': 'positive'}, {'term': 'pool area', 'polarity': 'negative'}, {'term': 'staff', 'polarity': 'positive'}]","[{'category': 'equipment', 'polarity': 'positive'}, {'category': 'facilities', 'polarity': 'negative'}, {'category': 'service', 'polarity': 'positive'}]"
250,"The personal training sessions are great, but I didn't like how crowded the gym gets during peak hours. The temperature inside was also too high.","[{'term': 'personal training', 'polarity': 'positive'}, {'term': 'crowded', 'polarity': 'negative'}, {'term': 'temperature', 'polarity': 'negative'}]","[{'category': 'service', 'polarity': 'positive'}, {'category': 'environment', 'polarity': 'negative'}]"
251,"The gym is clean and organized, but the front desk could use more staff. The locker rooms are sometimes messy and could be improved.","[{'term': 'cleanliness', 'polarity': 'positive'}, {'term': 'front desk', 'polarity': 'negative'}, {'term': 'locker rooms', 'polarity': 'negative'}]","[{'category': 'cleanliness', 'polarity': 'positive'}, {'category': 'service', 'polarity': 'negative'}, {'category': 'facilities', 'polarity': 'negative'}]"
252,"The gym's flexibility with payment options is amazing, but the equipment sometimes seems old and outdated. They could upgrade a few machines.","[{'term': 'payment options', 'polarity': 'positive'}, {'term': 'equipment', 'polarity': 'negative'}, {'term': 'machines', 'polarity': 'negative'}]","[{'category': 'service', 'polarity': 'positive'}, {'category': 'equipment', 'polarity': 'negative'}]"
253,"I like the variety of machines, but the gym lacks a good stretching area. The lighting is also harsh and too bright in some spots.","[{'term': 'variety of machines', 'polarity': 'positive'}, {'term': 'stretching area', 'polarity': 'negative'}, {'term': 'lighting', 'polarity': 'negative'}]","[{'category': 'equipment', 'polarity': 'positive'}, {'category': 'facilities', 'polarity': 'negative'}, {'category': 'environment', 'polarity': 'negative'}]"
254,"The gym is very affordable, but the hours are not convenient for people with busy schedules. The temperature inside could be lower, especially during summer.","[{'term': 'affordable', 'polarity': 'positive'}, {'term': 'hours', 'polarity': 'negative'}, {'term': 'temperature', 'polarity': 'negative'}]","[{'category': 'service', 'polarity': 'positive'}, {'category': 'availability', 'polarity': 'negative'}, {'category': 'environment', 'polarity': 'negative'}]"
255,"The classes offered at the gym are fantastic, but the waiting time to join one can be really long. Also, the gym could use a better cleaning routine for the showers.","[{'term': 'classes', 'polarity': 'positive'}, {'term': 'waiting time', 'polarity': 'negative'}, {'term': 'showers', 'polarity': 'negative'}]","[{'category': 'service', 'polarity': 'positive'}, {'category': 'availability', 'polarity': 'negative'}, {'category': 'cleanliness', 'polarity': 'negative'}]"
256,"The gym has amazing fitness programs, but the equipment is often broken and in need of repair. The staff is nice, but the gym needs more trainers available at peak hours.","[{'term': 'fitness programs', 'polarity': 'positive'}, {'term': 'equipment', 'polarity': 'negative'}, {'term': 'staff', 'polarity': 'positive'}, {'term': 'trainers', 'polarity': 'negative'}]","[{'category': 'service', 'polarity': 'positive'}, {'category': 'equipment', 'polarity': 'negative'}, {'category': 'service', 'polarity': 'positive'}]"
257,"The gym is located in a perfect spot, but parking is a nightmare. The showers are clean, but could use more privacy screens.","[{'term': 'location', 'polarity': 'positive'}, {'term': 'parking', 'polarity': 'negative'}, {'term': 'showers', 'polarity': 'positive'}]","[{'category': 'location', 'polarity': 'positive'}, {'category': 'facilities', 'polarity': 'negative'}]"
258,"The gym has all the equipment you need, but it gets too crowded, especially during the evening. The locker rooms are clean but could use more space.","[{'term': 'equipment', 'polarity': 'positive'}, {'term': 'crowded', 'polarity': 'negative'}, {'term': 'locker rooms', 'polarity': 'negative'}]","[{'category': 'equipment', 'polarity': 'positive'}, {'category': 'environment', 'polarity': 'negative'}, {'category': 'facilities', 'polarity': 'negative'}]"
259,"The gym has great amenities, but the staff is often not available when you need assistance. The equipment is well-maintained, but the parking lot could use better signage.","[{'term': 'amenities', 'polarity': 'positive'}, {'term': 'staff', 'polarity': 'negative'}, {'term': 'equipment', 'polarity': 'positive'}, {'term': 'parking lot', 'polarity': 'negative'}]","[{'category': 'facilities', 'polarity': 'positive'}, {'category': 'service', 'polarity': 'negative'}, {'category': 'equipment', 'polarity': 'positive'}, {'category': 'location', 'polarity': 'negative'}]"
